<?xml version="1.0" encoding="utf-8"?>
<edmx:Edmx Version="1.0" xmlns:edmx="http://schemas.microsoft.com/ado/2007/06/edmx" xmlns:m="http://schemas.microsoft.com/ado/2007/08/dataservices/metadata" xmlns:sap="http://www.sap.com/Protocols/SAPData">
    <edmx:Reference Uri=".1/sap/opu/odata/IWFND/CATALOGSERVICE;v=2/Vocabularies(TechnicalName='%2FIWBEP%2FVOC_COMMON',Version='0001',SAP__Origin='FIORI_MENU')/$value" xmlns:edmx="http://docs.oasis-open.org/odata/ns/edmx">
        <edmx:Include Namespace="com.sap.vocabularies.Common.v1" Alias="Common"/>
    </edmx:Reference>
    <edmx:Reference Uri=".1/sap/opu/odata/IWFND/CATALOGSERVICE;v=2/Vocabularies(TechnicalName='%2FIWBEP%2FVOC_CAPABILITIES',Version='0001',SAP__Origin='FIORI_MENU')/$value" xmlns:edmx="http://docs.oasis-open.org/odata/ns/edmx">
        <edmx:Include Namespace="Org.OData.Capabilities.V1" Alias="Capabilities"/>
    </edmx:Reference>
    <edmx:Reference Uri=".1/sap/opu/odata/IWFND/CATALOGSERVICE;v=2/Vocabularies(TechnicalName='%2FIWBEP%2FVOC_COMMUNICATION',Version='0001',SAP__Origin='FIORI_MENU')/$value" xmlns:edmx="http://docs.oasis-open.org/odata/ns/edmx">
        <edmx:Include Namespace="com.sap.vocabularies.Communication.v1" Alias="Communication"/>
    </edmx:Reference>
    <edmx:Reference Uri=".1/sap/opu/odata/IWFND/CATALOGSERVICE;v=2/Vocabularies(TechnicalName='%2FIWBEP%2FVOC_AGGREGATION',Version='0001',SAP__Origin='FIORI_MENU')/$value" xmlns:edmx="http://docs.oasis-open.org/odata/ns/edmx">
        <edmx:Include Namespace="Org.OData.Aggregation.V1" Alias="Aggregation"/>
    </edmx:Reference>
    <edmx:Reference Uri=".1/sap/opu/odata/IWFND/CATALOGSERVICE;v=2/Vocabularies(TechnicalName='%2FIWBEP%2FVOC_PERSONALDATA',Version='0001',SAP__Origin='FIORI_MENU')/$value" xmlns:edmx="http://docs.oasis-open.org/odata/ns/edmx">
        <edmx:Include Namespace="com.sap.vocabularies.PersonalData.v1" Alias="PersonalData"/>
    </edmx:Reference>
    <edmx:DataServices m:DataServiceVersion="2.0">
        <Schema Namespace="ZEA_PPCDSV03_CDS" xml:lang="en" sap:schema-version="1" xmlns="http://schemas.microsoft.com/ado/2008/09/edm">
            <EntityType Name="ZEA_PPCDSV03Type" sap:label="생산실적 조회" sap:content-version="1">
                <Key>
                    <PropertyRef Name="Aufnr"/>
                </Key>
                <Property Name="Aufnr" Type="Edm.String" Nullable="false" MaxLength="10" sap:display-format="UpperCase" sap:label="생산오더 ID"/>
                <Property Name="Charg" Type="Edm.String" MaxLength="8" sap:display-format="UpperCase" sap:label="배치 번호"/>
                <Property Name="Matnr" Type="Edm.String" MaxLength="40" sap:display-format="UpperCase" sap:label="자재코드"/>
                <Property Name="Maktx" Type="Edm.String" MaxLength="40" sap:display-format="UpperCase" sap:label="자재명"/>
                <Property Name="Bomid" Type="Edm.String" MaxLength="8" sap:display-format="UpperCase" sap:label="BOM ID"/>
                <Property Name="Empcode" Type="Edm.String" MaxLength="5" sap:display-format="UpperCase" sap:label="사원 CODE" sap:quickinfo="[BP] 사원코드"/>
                <Property Name="Tsdat" Type="Edm.DateTime" Precision="0" sap:display-format="Date" sap:label="생산 검수일자"/>
                <Property Name="Pdquan" Type="Edm.Decimal" Precision="13" Scale="3" sap:unit="Meins" sap:label="생산량" sap:quickinfo="생산량 (생산계획 수량)"/>
                <Property Name="Pdban" Type="Edm.Decimal" Precision="13" Scale="3" sap:unit="Meins" sap:label="폐기량" sap:quickinfo="폐기량 (검수불합격 수량)"/>
                <Property Name="Fnpd" Type="Edm.Decimal" Precision="13" Scale="3" sap:unit="Meins" sap:label="최종생산량" sap:quickinfo="최종생산량 (검수합격 수량)"/>
                <Property Name="Meins" Type="Edm.String" MaxLength="3" sap:label="Unit" sap:quickinfo="단위" sap:semantics="unit-of-measure"/>
                <Property Name="Defreason" Type="Edm.String" MaxLength="100" sap:display-format="UpperCase" sap:label="" sap:quickinfo="불량 사유"/>
                <Property Name="Loekz" Type="Edm.String" MaxLength="1" sap:display-format="UpperCase" sap:label="삭제플래그"/>
                <Property Name="Ernam" Type="Edm.String" MaxLength="12" sap:display-format="UpperCase" sap:label="오브젝트 생성자 이름"/>
                <Property Name="Erdat" Type="Edm.DateTime" Precision="0" sap:display-format="Date" sap:label="레코드 생성일"/>
                <Property Name="Erzet" Type="Edm.Time" Precision="0" sap:label="입력시간"/>
                <Property Name="Aenam" Type="Edm.String" MaxLength="12" sap:display-format="UpperCase" sap:label="오브젝트 변경자 이름"/>
                <Property Name="Aedat" Type="Edm.DateTime" Precision="0" sap:display-format="Date" sap:label="최종 변경일"/>
                <Property Name="Aezet" Type="Edm.Time" Precision="0" sap:label="변경시간"/>
            </EntityType>
            <EntityContainer Name="ZEA_PPCDSV03_CDS_Entities" m:IsDefaultEntityContainer="true" sap:message-scope-supported="true" sap:supported-formats="atom json xlsx">
                <EntitySet Name="ZEA_PPCDSV03" EntityType="ZEA_PPCDSV03_CDS.ZEA_PPCDSV03Type" sap:creatable="false" sap:updatable="false" sap:deletable="false" sap:content-version="1"/>
            </EntityContainer>
            <Annotations Target="ZEA_PPCDSV03_CDS.ZEA_PPCDSV03_CDS_Entities" xmlns="http://docs.oasis-open.org/odata/ns/edm">
                <Annotation Term="Aggregation.ApplySupported">
                    <Record>
                        <PropertyValue Property="Transformations">
                            <Collection>
                                <String>aggregate</String>
                                <String>groupby</String>
                                <String>filter</String>
                            </Collection>
                        </PropertyValue>
                        <PropertyValue Property="Rollup" EnumMember="None"/>
                    </Record>
                </Annotation>
            </Annotations>
            <atom:link rel="self" href="http://210.16.199.140:8001/sap/opu/odata/sap/ZEA_PPCDSV03_CDS/$metadata" xmlns:atom="http://www.w3.org/2005/Atom"/>
            <atom:link rel="latest-version" href="http://210.16.199.140:8001/sap/opu/odata/sap/ZEA_PPCDSV03_CDS/$metadata" xmlns:atom="http://www.w3.org/2005/Atom"/>
        </Schema>
    </edmx:DataServices>
</edmx:Edmx>